Name,Email,State
James Anderson,james.anderson@email.com,Alabama
Michael Brown,michael.brown@email.com,Alaska
Sarah Johnson,sarah.johnson@email.com,Arizona
Emily Davis,emily.davis@email.com,Arkansas
Robert Wilson,robert.wilson@email.com,California
Jennifer Martinez,jennifer.martinez@email.com,Colorado
David Taylor,david.taylor@email.com,Connecticut
Jessica Thomas,jessica.thomas@email.com,Delaware
Christopher Jackson,christopher.jackson@email.com,Florida
Amanda White,amanda.white@email.com,Georgia
Matthew Harris,matthew.harris@email.com,Hawaii
Ashley Martin,ashley.martin@email.com,Idaho
Joshua Thompson,joshua.thompson@email.com,Illinois
Brittany Garcia,brittany.garcia@email.com,Indiana
Ryan Martinez,ryan.martinez@email.com,Iowa
Nicole Robinson,nicole.robinson@email.com,Kansas
Andrew Clark,andrew.clark@email.com,Kentucky
Stephanie Rodriguez,stephanie.rodriguez@email.com,Louisiana
Tyler Lewis,tyler.lewis@email.com,Maine
Megan Lee,megan.lee@email.com,Maryland
Brandon Walker,brandon.walker@email.com,Massachusetts
Samantha Hall,samantha.hall@email.com,Michigan
Justin Allen,justin.allen@email.com,Minnesota
Rachel Young,rachel.young@email.com,Mississippi
Kevin Hernandez,kevin.hernandez@email.com,Missouri
Lauren King,lauren.king@email.com,Montana
Brian Wright,brian.wright@email.com,Nebraska
Kayla Lopez,kayla.lopez@email.com,Nevada
Eric Hill,eric.hill@email.com,New Hampshire
Amber Scott,amber.scott@email.com,New Jersey
Adam Green,adam.green@email.com,New Mexico
Danielle Adams,danielle.adams@email.com,New York
Nathan Baker,nathan.baker@email.com,North Carolina
Heather Gonzalez,heather.gonzalez@email.com,North Dakota
Patrick Nelson,patrick.nelson@email.com,Ohio
Courtney Carter,courtney.carter@email.com,Oklahoma
Sean Mitchell,sean.mitchell@email.com,Oregon
Tiffany Perez,tiffany.perez@email.com,Pennsylvania
Jeremy Roberts,jeremy.roberts@email.com,Rhode Island
Vanessa Turner,vanessa.turner@email.com,South Carolina
Aaron Phillips,aaron.phillips@email.com,South Dakota
Crystal Campbell,crystal.campbell@email.com,Tennessee
Derek Parker,derek.parker@email.com,Texas
Jacqueline Evans,jacqueline.evans@email.com,Utah
Marcus Edwards,marcus.edwards@email.com,Vermont
Monica Collins,monica.collins@email.com,Virginia
Travis Stewart,travis.stewart@email.com,Washington
Natalie Sanchez,natalie.sanchez@email.com,West Virginia
Gregory Morris,gregory.morris@email.com,Wisconsin
Erica Rogers,erica.rogers@email.com,Wyoming
